Link,Từ điển
https://tapchinganhang.gov.vn/kho-khan-va-thach-thuc-trong-cong-tac-dieu-hanh-chinh-sach-tien-te-hien-nay.htm,bất ổn chính sách tiền tệ ngân hàng nhà nước
https://vneconomy.vn/rui-ro-tu-lam-dung-chinh-sach-tien-te-da-muc-tieu.htm,bất ổn chính sách tiền tệ ngân hàng nhà nước
https://mof.gov.vn/webcenter/portal/vclvcstc/pages_r/l/chi-tiet-tin?dDocName=MOFUCM261243,bất ổn chính sách tiền tệ ngân hàng nhà nước
https://vneconomy.vn/vi-mo-bat-loi-world-bank-khuyen-nghi-ngan-hang-nha-nuoc-than-trong-khi-noi-long-tien-te.htm,bất ổn chính sách tiền tệ ngân hàng nhà nước
https://www.sbv.gov.vn/webcenter/portal/vi/links/cm100?dDocName=SBV569014,bất ổn chính sách tiền tệ ngân hàng nhà nước
https://www.sbv.gov.vn/webcenter/contentattachfile/idcplg?dDocName=SBV281458&filename=283226.doc,bất ổn chính sách tiền tệ ngân hàng nhà nước
https://www.sbv.gov.vn/webcenter/portal/vi/links/cm100?dDocName=SBV569016,bất ổn chính sách tiền tệ ngân hàng nhà nước
https://www.sbv.gov.vn/webcenter/portal/m/links/cm100?dDocName=SBV523411,bất ổn chính sách tiền tệ ngân hàng nhà nước
https://www.sbv.gov.vn/webcenter/portal/vi/links/cm100?dDocName=SBV557410,bất ổn chính sách tiền tệ ngân hàng nhà nước
https://www.sbv.gov.vn/webcenter/portal/vi/links/cm100?dDocName=SBV567023,bất ổn chính sách tiền tệ ngân hàng nhà nước
https://www.sbv.gov.vn/webcenter/portal/vi/menu/trangchu/cstt,bất ổn chính sách tiền tệ ngân hàng nhà nước
https://www.sbv.gov.vn/webcenter/portal/m/links/cm255?dDocName=SBV565032,bất ổn chính sách tiền tệ ngân hàng nhà nước
https://www.sbv.gov.vn/webcenter/portal/vi/links/cm100?dDocName=SBV482209,bất ổn chính sách tiền tệ ngân hàng nhà nước
https://sbv.gov.vn/webcenter/portal/vi/links/cm100?dDocName=SBV495613,bất ổn chính sách tiền tệ ngân hàng nhà nước
https://www.sbv.gov.vn/webcenter/contentattachfile/idcplg?dDocName=SBV281402&filename=283173.pdf,bất ổn chính sách tiền tệ ngân hàng nhà nước
https://sbv.gov.vn/webcenter/portal/vi/links/cm100?dDocName=SBV549209,bất ổn chính sách tiền tệ ngân hàng nhà nước
https://sbv.gov.vn/webcenter/portal/vi/links/cm255?dDocName=SBV438808,bất ổn chính sách tiền tệ ngân hàng nhà nước
https://www.sbv.gov.vn/webcenter/portal/vi/links/cm100?dDocName=SBV552009,bất ổn chính sách tiền tệ ngân hàng nhà nước
https://www.sbv.gov.vn/webcenter/portal/vi/links/cm100?dDocName=SBVWEBAPP01SBV079242,bất ổn chính sách tiền tệ ngân hàng nhà nước
http://baoapbac.vn/kinh-te/202305/ngan-hang-nha-nuoc-noi-gi-ve-de-xuat-noi-long-than-trong-chinh-sach-tien-te-980437/index.htm,bất ổn chính sách tiền tệ ngân hàng nhà nước
https://nhandan.vn/infographic-ngay-209-4-ngan-hang-lon-dong-loat-giam-lai-suat-post773363.html,lãi suất
https://www.agribank.com.vn/vn/lai-suat,lãi suất
https://timo.vn/tai-khoan-tiet-kiem/lai-suat-gui-tiet-kiem-ngan-hang-nao-cao-nhat/,lãi suất
https://laodong.vn/tien-te-dau-tu/lai-suat-ngan-hang-hom-nay-189-lai-suat-cao-chot-vot-11-1236602.ldo,lãi suất
https://vi.wikipedia.org/wiki/L%C3%A3i_su%E1%BA%A5t,lãi suất
https://www.sacombank.com.vn/cong-cu/lai-suat.html,lãi suất
https://vnexpress.net/chu-de/lai-suat-ngan-hang-3210,lãi suất
https://topi.vn/lai-suat-tiet-kiem-ngan-hang-nao-cao-nhat.html,lãi suất
https://tuoitre.vn/lai-suat-tien-gui-giam-nhanh-lai-suat-tien-vay-van-lang-lang-tang-20230913225511057.htm,lãi suất
https://www.vpbank.com.vn/bi-kip-va-chia-se/retail-story-and-tips/savings-category/lai-suat-tiet-kiem-ngan-hang-nao-cao-nhat-hien-nay,lãi suất
https://tuoitre.vn/lai-suat.html,lãi suất
https://thanhnien.vn/kinh-te/ngan-hang.htm,lãi suất
https://thanhnien.vn/lai-suat.html,lãi suất
https://www.sbv.gov.vn/webcenter/portal/m/menu/trangchu/ls,lãi suất
https://vietnamnet.vn/lai-suat-tag13172411016833496207.html,lãi suất
https://bidv.com.vn/vn/tra-cuu-lai-suat,lãi suất
https://vtv.vn/lai-suat.html,lãi suất
https://www.sbv.gov.vn/webcenter/portal/vi/menu/rm/ls/lsttlnh,lãi suất
https://tpb.vn/cong-cu-tinh-toan/lai-suat,lãi suất
https://vneconomy.vn/se-kho-co-them-dot-ha-lai-suat-dieu-hanh-tu-ngan-hang-nha-nuoc.htm,lãi suất
