Tiêu đề,Link,Từ điển
"
	Khó khăn và thách thức trong công tác điều hành chính sách tiền tệ hiện nay
",https://tapchinganhang.gov.vn/kho-khan-va-thach-thuc-trong-cong-tac-dieu-hanh-chinh-sach-tien-te-hien-nay.htm,bất ổn chính sách tiền tệ ngân hàng nhà nước
Rủi ro từ lạm dụng chính sách tiền tệ đa mục tiêu - Nhịp sống kinh tế Việt Nam & Thế giới,https://vneconomy.vn/rui-ro-tu-lam-dung-chinh-sach-tien-te-da-muc-tieu.htm,bất ổn chính sách tiền tệ ngân hàng nhà nước
Chi tiết tin,https://mof.gov.vn/webcenter/portal/vclvcstc/pages_r/l/chi-tiet-tin?dDocName=MOFUCM261243,bất ổn chính sách tiền tệ ngân hàng nhà nước
"Vĩ mô bất lợi, World Bank khuyến nghị Ngân hàng Nhà nước thận trọng khi nới lỏng tiền tệ - Nhịp sống kinh tế Việt Nam & Thế giới",https://vneconomy.vn/vi-mo-bat-loi-world-bank-khuyen-nghi-ngan-hang-nha-nuoc-than-trong-khi-noi-long-tien-te.htm,bất ổn chính sách tiền tệ ngân hàng nhà nước
Không có tiêu đề,https://www.sbv.gov.vn/webcenter/contentattachfile/idcplg?dDocName=SBV281458&filename=283226.doc,bất ổn chính sách tiền tệ ngân hàng nhà nước
,https://www.sbv.gov.vn/webcenter/portal/m/links/cm100?dDocName=SBV523411,bất ổn chính sách tiền tệ ngân hàng nhà nước
Chính sách tiền tệ quốc gia,https://www.sbv.gov.vn/webcenter/portal/vi/menu/trangchu/cstt,bất ổn chính sách tiền tệ ngân hàng nhà nước
,https://www.sbv.gov.vn/webcenter/portal/m/links/cm255?dDocName=SBV565032,bất ổn chính sách tiền tệ ngân hàng nhà nước
Sẽ khó có thêm đợt hạ lãi suất điều hành từ Ngân hàng Nhà nước? - Nhịp sống kinh tế Việt Nam & Thế giới,https://vneconomy.vn/se-kho-co-them-dot-ha-lai-suat-dieu-hanh-tu-ngan-hang-nha-nuoc.htm,bất ổn lãi suất ngân hàng nhà nước
,https://www.sbv.gov.vn/webcenter/portal/m/links/cm100?dDocName=SBV566637,bất ổn lãi suất ngân hàng nhà nước
"Ngân hàng Nhà nước tiếp tục hạ lãi suất điều hành lần thứ 3, áp dụng từ 25/5 - Nhịp sống kinh tế Việt Nam & Thế giới",https://vneconomy.vn/ngan-hang-nha-nuoc-tiep-tuc-ha-lai-suat-dieu-hanh-lan-thu-3-ap-dung-tu-25-5.htm,bất ổn lãi suất ngân hàng nhà nước
"Ngân hàng Nhà nước điều chỉnh giảm 0,3-0,5%/năm các mức lãi suất",https://nhandan.vn/ngan-hang-nha-nuoc-dieu-chinh-giam-03-05nam-cac-muc-lai-suat-post745733.html,bất ổn lãi suất ngân hàng nhà nước
Giảm các mức lãi suất điều hành từ 3/4/2023,https://xaydungchinhsach.chinhphu.vn/ngan-hang-nha-nuoc-tiep-tuc-giam-lai-suat-119230401064608221.htm,bất ổn lãi suất ngân hàng nhà nước
Chi tiết tin,https://mof.gov.vn/webcenter/portal/ttncdtbh/pages_r/l/chi-tiet-tin?dDocName=BTC262277,bất ổn lãi suất ngân hàng nhà nước
Chi tiết tin,https://mof.gov.vn/webcenter/portal/vclvcstc/pages_r/l/chi-tiet-tin?dDocName=MOFUCM161173,bất ổn lãi suất ngân hàng nhà nước
Ngân hàng Nhà nước quyết định giảm đồng loạt các mức lãi suất điều hành từ ngày 03/04/2023 đúng không?,https://thuvienphapluat.vn/phap-luat/ngan-hang-nha-nuoc-quyet-dinh-giam-dong-loat-cac-muc-lai-suat-dieu-hanh-tu-ngay-03042023-dung-khong-79947.html,bất ổn lãi suất ngân hàng nhà nước
Ngân hàng Nhà nước giảm lãi suất: Đón đầu xu hướng,https://laodong.vn/kinh-doanh/ngan-hang-nha-nuoc-giam-lai-suat-don-dau-xu-huong-1174620.ldo,bất ổn lãi suất ngân hàng nhà nước
Ngân hàng Nhà nước cấm lách trần lãi suất huy động,https://tienphong.vn/ngan-hang-nha-nuoc-cam-lach-tran-lai-suat-huy-dong-post1517699.tpo,bất ổn lãi suất ngân hàng nhà nước
Ngân hàng Nhà nước có thể tiếp tục hạ lãi suất | Báo Pháp Luật TP. Hồ Chí Minh,https://plo.vn/ngan-hang-nha-nuoc-co-the-tiep-tuc-ha-lai-suat-post741370.html,bất ổn lãi suất ngân hàng nhà nước
Ngân hàng Nhà nước đang phải đối mặt với rất nhiều áp lực | Tạp chí Kinh tế và Dự báo,https://kinhtevadubao.vn/ngan-hang-nha-nuoc-dang-phai-doi-mat-voi-rat-nhieu-ap-luc-25630.html,bất ổn lãi suất ngân hàng nhà nước
Dòng tiền ở thị trường chứng khoán có xu hướng bình ổn | VTV.VN,https://vtv.vn/kinh-te/dong-tien-o-thi-truong-chung-khoan-co-xu-huong-binh-on-20230723211625574.htm,bất ổn thị trường chứng khoán
Tại sao thị trường chứng khoán Việt Nam biến động mạnh?,https://xaydungchinhsach.chinhphu.vn/tai-sao-thi-truong-chung-khoan-viet-nam-bien-dong-manh-thoi-gian-qua-119221112104517903.htm,bất ổn thị trường chứng khoán
Thị trường chứng khoán tiếp tục bất ổn do đâu?,https://laodong.vn/kinh-doanh/thi-truong-chung-khoan-tiep-tuc-bat-on-do-dau-1034564.ldo,bất ổn thị trường chứng khoán
Chi tiết tin,https://mof.gov.vn/webcenter/portal/vclvcstc/pages_r/l/chi-tiet-tin?dDocName=MOFUCM263195,bất ổn thị trường chứng khoán
Thị trường chứng khoán quý I/2023,https://nhandan.vn/chung-khoan-viet-co-co-hoi-phuc-hoi-on-dinh-hon-post746702.html,bất ổn thị trường chứng khoán
"Thị trường chứng khoán Việt Nam sụt giảm mạnh: Nguyên nhân, triển vọng và giải pháp",https://cafef.vn/thi-truong-chung-khoan-viet-nam-sut-giam-manh-nguyen-nhan-trien-vong-va-giai-phap-2022110713023565.chn,bất ổn thị trường chứng khoán
Ứng phó với bất ổn thị trường,https://nhandan.vn/ung-pho-voi-bat-on-thi-truong-post759200.html,bất ổn thị trường chứng khoán
'Thị trường chứng khoán quá bất thường' - VnExpress Kinh doanh,https://vnexpress.net/thi-truong-chung-khoan-qua-bat-thuong-4461964.html,bất ổn thị trường chứng khoán
"Uỷ ban Kinh tế: Nhiều hệ luỵ khi thị trường trái phiếu, chứng khoán bất ổn - VnExpress Kinh doanh",https://vnexpress.net/uy-ban-kinh-te-nhieu-he-luy-khi-thi-truong-trai-phieu-chung-khoan-bat-on-4525734.html,bất ổn thị trường chứng khoán
"Chủ tịch Quốc hội: ‘Ngày nào tôi cũng xem chứng khoán, thị trường gần đây bất thường’ - Tuổi Trẻ Online",https://tuoitre.vn/chu-tich-quoc-hoi-ngay-nao-toi-cung-xem-chung-khoan-thi-truong-gan-day-bat-thuong-20220511123038685.htm,bất ổn thị trường chứng khoán
"
	CẦN ĐÁNH GIÁ CỤ THỂ, CHI TIẾT NHỮNG DIỄN BIẾN BẤT THƯỜNG CỦA THỊ TRƯỜNG CHỨNG KHOÁN, BẤT ĐỘNG SẢN
",https://quochoi.vn/hoatdongcuaquochoi/cackyhopquochoi/quochoikhoaXIII/Pages/danh-sach-ky-hop.aspx?ItemID=64436&CategoryId=0,bất ổn thị trường chứng khoán
