Tiêu đề,Link,Thời gian,Từ điển
"
	Khó khăn và thách thức trong công tác điều hành chính sách tiền tệ hiện nay
",https://tapchinganhang.gov.vn/kho-khan-va-thach-thuc-trong-cong-tac-dieu-hanh-chinh-sach-tien-te-hien-nay.htm,"03:45 (GMT+7) Thứ Năm, ngày 21/09/2023",bất ổn chính sách tiền tệ ngân hàng nhà nước
Rủi ro từ lạm dụng chính sách tiền tệ đa mục tiêu - Nhịp sống kinh tế Việt Nam & Thế giới,https://vneconomy.vn/rui-ro-tu-lam-dung-chinh-sach-tien-te-da-muc-tieu.htm,"{""@context"":""http://schema.org"",""@type"":""NewsArticle"",""mainEntityOfPage"":{""@type"":""WebPage"",""@id"":""https://vneconomy.vn/rui-ro-tu-lam-dung-chinh-sach-tien-te-da-muc-tieu.htm""},""headline"":""R\u1EE7i ro t\u1EEB l\u1EA1m d\u1EE5ng ch\u00EDnh s\u00E1ch ti\u1EC1n t\u1EC7 \u0111a m\u1EE5c ti\u00EAu"",""image"":[""https://media.vneconomy.vn/images/upload/2023/07/17/anh-t34.png""],""datePublished"":""7/18/2023 7:30:00 AM"",""dateModified"":""7/18/2023 7:52:05 AM"",""author"":{""@type"":""Person"",""Name"":""Ho\u00E0ng Lan - ""},""publisher"":{""@type"":""Organization"",""Name"":""VnEconomy"",""logo"":{""@type"":""ImageObject"",""Url"":""https://media.vneconomy.vn/App_themes/images/logo.png""}},""description"":""S\u00E1u th\u00E1ng \u0111\u1EA7u n\u0103m 2023, \u0111i\u1EC1u h\u00E0nh ch\u00EDnh s\u00E1ch ti\u1EC1n t\u1EC7 ph\u1EA3i ho\u00E0n th\u00E0nh nhi\u1EC1u m\u1EE5c ti\u00EAu: h\u1ED7 tr\u1EE3 kinh t\u1EBF ph\u1EE5c h\u1ED3i sau \u0111\u1EA1i d\u1ECBch, ki\u1EC3m so\u00E1t l\u1EA1m ph\u00E1t trong b\u1ED1i c\u1EA3nh gi\u00E1 c\u1EA3, l\u1EA1m ph\u00E1t to\u00E0n c\u1EA7u t\u0103ng cao; gi\u1EA3m \u00E1p l\u1EF1c m\u1EA5t gi\u00E1 m\u1EA1nh c\u1EE7a VND trong khi ph\u1EA3i gi\u1EEF \u1ED5n \u0111\u1ECBnh m\u1EB7t b\u1EB1ng l\u00E3i su\u1EA5t, \u0111\u1EA3m b\u1EA3o nhu c\u1EA7u t\u00EDn d\u1EE5ng cho n\u1EC1n kinh t\u1EBF v\u00E0 gi\u1EEF an to\u00E0n h\u1EC7 th\u1ED1ng ng\u00E2n h\u00E0ng...""}",bất ổn chính sách tiền tệ ngân hàng nhà nước
Chi tiết tin,https://mof.gov.vn/webcenter/portal/vclvcstc/pages_r/l/chi-tiet-tin?dDocName=MOFUCM261243,"28/12/2022 15:35:00
            ",bất ổn chính sách tiền tệ ngân hàng nhà nước
"Vĩ mô bất lợi, World Bank khuyến nghị Ngân hàng Nhà nước thận trọng khi nới lỏng tiền tệ - Nhịp sống kinh tế Việt Nam & Thế giới",https://vneconomy.vn/vi-mo-bat-loi-world-bank-khuyen-nghi-ngan-hang-nha-nuoc-than-trong-khi-noi-long-tien-te.htm,"{""@context"":""http://schema.org"",""@type"":""NewsArticle"",""mainEntityOfPage"":{""@type"":""WebPage"",""@id"":""https://vneconomy.vn/vi-mo-bat-loi-world-bank-khuyen-nghi-ngan-hang-nha-nuoc-than-trong-khi-noi-long-tien-te.htm""},""headline"":""V\u0129 m\u00F4 b\u1EA5t l\u1EE3i, World Bank khuy\u1EBFn ngh\u1ECB Ng\u00E2n h\u00E0ng Nh\u00E0 n\u01B0\u1EDBc th\u1EADn tr\u1ECDng khi n\u1EDBi l\u1ECFng ti\u1EC1n t\u1EC7"",""image"":[""https://media.vneconomy.vn/images/upload/2023/06/12/tien-16728210661911984225319.jpeg""],""datePublished"":""6/20/2023 7:26:27 AM"",""dateModified"":""6/20/2023 7:26:27 AM"",""author"":{""@type"":""Person"",""Name"":""C\u00F4ng Minh""},""publisher"":{""@type"":""Organization"",""Name"":""VnEconomy"",""logo"":{""@type"":""ImageObject"",""Url"":""https://media.vneconomy.vn/App_themes/images/logo.png""}},""description"":""Khi l\u1EA1m ph\u00E1t c\u00F3 d\u1EA5u hi\u1EC7u gi\u1EA3m d\u1EA7n, Ng\u00E2n h\u00E0ng Nh\u00E0 n\u01B0\u1EDBc Vi\u1EC7t Nam  \u0111\u00E3 n\u1EDBi l\u1ECFng c\u00E1c ch\u00EDnh s\u00E1ch ti\u1EC1n t\u1EC7 \u0111\u1EC3 h\u1ED7 tr\u1EE3 n\u1EC1n kinh t\u1EBF. Tuy nhi\u00EAn, World Bank khuy\u1EBFn ngh\u1ECB c\u1EA7n theo d\u00F5i ch\u1EB7t ch\u1EBD s\u1EF1 kh\u00E1c bi\u1EC7t trong xu h\u01B0\u1EDBng \u0111i\u1EC1u h\u00E0nh ch\u00EDnh s\u00E1ch ti\u1EC1n t\u1EC7 c\u1EE7a Vi\u1EC7t Nam so v\u1EDBi c\u00E1c n\u01B0\u1EDBc kh\u00E1c, \u0111i\u1EC1u m\u00E0 c\u00F3 th\u1EC3 t\u1EA1o ra \u00E1p l\u1EF1c l\u00EAn d\u00F2ng v\u1ED1n v\u00E0 t\u1EF7 gi\u00E1....""}",bất ổn chính sách tiền tệ ngân hàng nhà nước
Không có tiêu đề,https://www.sbv.gov.vn/webcenter/contentattachfile/idcplg?dDocName=SBV281458&filename=283226.doc,,bất ổn chính sách tiền tệ ngân hàng nhà nước
,https://www.sbv.gov.vn/webcenter/portal/m/links/cm100?dDocName=SBV523411,23/09/2022,bất ổn chính sách tiền tệ ngân hàng nhà nước
Chính sách tiền tệ quốc gia,https://www.sbv.gov.vn/webcenter/portal/vi/menu/trangchu/cstt," hiện Nghị quyết số 68/2022/QH15 ngày 10/11/2022 của Quốc hội về kế hoạch phát triển kinh tế - xã hội năm 2023, Nghị quyết số 01/NQ-CP ngày 06/01/2023 của Chính phủ về nhiệm vụ, giải pháp chủ yếu thực hiện Kế hoạch phát triển kinh tế - xã hội, Dự toán ngân sách nhà nước và cải thiện môi trường kinh doanh, nâng cao năng lực cạnh tranh quốc gia năm 2023 (Nghị quyết số 01)",bất ổn chính sách tiền tệ ngân hàng nhà nước
,https://www.sbv.gov.vn/webcenter/portal/m/links/cm255?dDocName=SBV565032,18/03/2023,bất ổn chính sách tiền tệ ngân hàng nhà nước
Không có tiêu đề,https://www.sbv.gov.vn/webcenter/contentattachfile/idcplg?dDocName=SBV281402&filename=283173.pdf,,bất ổn chính sách tiền tệ ngân hàng nhà nước
,https://sbv.gov.vn/webcenter/portal/m/links/cm255?dDocName=SBV438808,15/03/2021,bất ổn chính sách tiền tệ ngân hàng nhà nước
Ngân hàng Nhà nước đang phải đối mặt với rất nhiều áp lực | Tạp chí Kinh tế và Dự báo,https://kinhtevadubao.vn/ngan-hang-nha-nuoc-dang-phai-doi-mat-voi-rat-nhieu-ap-luc-25630.html,"
{
  ""@context"": ""https://schema.org"",
  ""@type"": ""NewsArticle"",
  ""mainEntityOfPage"": {
    ""@type"": ""WebPage"",
    ""@id"": ""https://kinhtevadubao.vn/ngan-hang-nha-nuoc-dang-phai-doi-mat-voi-rat-nhieu-ap-luc-25630.html""
  },
  ""headline"": ""Ngân hàng Nhà nước đang phải đối mặt với rất nhiều áp lực"",
  ""description"": ""Thống đốc Nguyễn Thị Hồng cho biết, Ngân hàng Nhà nước đang phải đối mặt và chịu rất nhiều áp lực…"",
  ""image"": {
    ""@type"": ""ImageObject"",
    ""url"": ""https://kinhtevadubao.vn/stores/news_dataimages/hoenh/042023/04/08/in_social/ngan-hang-nha-nuoc-dang-phai-doi-mat-voi-rat-nhieu-ap-luc.jpg?randTime=1695286021"",
    ""width"": 720,
    ""height"": 480
  },
  ""datePublished"": ""2023-04-04T09:02:23+07:00"",
  ""dateModified"": ""2023-04-04T09:02:23+07:00"",
  ""author"": {
    ""@type"": ""Person"",
    ""name"": ""T.Văn Tạp chí Kinh tế và Dự báo - Bộ Kế hoạch và Đầu tư""
  },
  ""publisher"": {
    ""@type"": ""Organization"",
    ""name"": ""Tạp chí Kinh tế và Dự báo - Bộ Kế hoạch và Đầu tư"",
    ""logo"": {
      ""@type"": ""ImageObject"",
      ""url"": ""/modules/frontend/themes/giao-dien-mac-dinh/images/logo.png?v=2.620230828081732"",
      ""width"": 300
    }
  }
}
",bất ổn chính sách tiền tệ ngân hàng nhà nước
Chính sách tiền tệ Việt Nam dưới tác động của chính sách tiền tệ các nước lớn - Tạp chí Kinh tế Sài Gòn,https://thesaigontimes.vn/chinh-sach-tien-te-viet-nam-duoi-tac-dong-cua-chinh-sach-tien-te-cac-nuoc-lon/,"{""@context"":""https://schema.org"",""@graph"":[{""@type"":""Article"",""@id"":""https://thesaigontimes.vn/chinh-sach-tien-te-viet-nam-duoi-tac-dong-cua-chinh-sach-tien-te-cac-nuoc-lon/#article"",""isPartOf"":{""@id"":""https://thesaigontimes.vn/chinh-sach-tien-te-viet-nam-duoi-tac-dong-cua-chinh-sach-tien-te-cac-nuoc-lon/""},""author"":{""name"":""thanh hong"",""@id"":""https://thesaigontimes.vn/#/schema/person/a1ea6df1cf960efa868f4eb2febe6211""},""headline"":""Chính sách tiền tệ Việt Nam dưới tác động của chính sách tiền tệ các nước lớn"",""datePublished"":""2023-07-13T06:30:16+00:00"",""dateModified"":""2023-07-13T07:06:53+00:00"",""mainEntityOfPage"":{""@id"":""https://thesaigontimes.vn/chinh-sach-tien-te-viet-nam-duoi-tac-dong-cua-chinh-sach-tien-te-cac-nuoc-lon/""},""wordCount"":3543,""commentCount"":0,""publisher"":{""@id"":""https://thesaigontimes.vn/#organization""},""image"":{""@id"":""https://thesaigontimes.vn/chinh-sach-tien-te-viet-nam-duoi-tac-dong-cua-chinh-sach-tien-te-cac-nuoc-lon/#primaryimage""},""thumbnailUrl"":""https://cdn.thesaigontimes.vn/wp-content/uploads/2023/07/20-1.jpg"",""keywords"":[""777123""],""articleSection"":[""Ưu tiên""],""inLanguage"":""vi"",""potentialAction"":[{""@type"":""CommentAction"",""name"":""Comment"",""target"":[""https://thesaigontimes.vn/chinh-sach-tien-te-viet-nam-duoi-tac-dong-cua-chinh-sach-tien-te-cac-nuoc-lon/#respond""]}]},{""@type"":""WebPage"",""@id"":""https://thesaigontimes.vn/chinh-sach-tien-te-viet-nam-duoi-tac-dong-cua-chinh-sach-tien-te-cac-nuoc-lon/"",""url"":""https://thesaigontimes.vn/chinh-sach-tien-te-viet-nam-duoi-tac-dong-cua-chinh-sach-tien-te-cac-nuoc-lon/"",""name"":""Chính sách tiền tệ Việt Nam dưới tác động của chính sách tiền tệ các nước lớn - Tạp chí Kinh tế Sài Gòn"",""isPartOf"":{""@id"":""https://thesaigontimes.vn/#website""},""primaryImageOfPage"":{""@id"":""https://thesaigontimes.vn/chinh-sach-tien-te-viet-nam-duoi-tac-dong-cua-chinh-sach-tien-te-cac-nuoc-lon/#primaryimage""},""image"":{""@id"":""https://thesaigontimes.vn/chinh-sach-tien-te-viet-nam-duoi-tac-dong-cua-chinh-sach-tien-te-cac-nuoc-lon/#primaryimage""},""thumbnailUrl"":""https://cdn.thesaigontimes.vn/wp-content/uploads/2023/07/20-1.jpg"",""datePublished"":""2023-07-13T06:30:16+00:00"",""dateModified"":""2023-07-13T07:06:53+00:00"",""description"":""(KTSG) - Nhiệm vụ của Ngân hàng Nhà nước càng trở nên gian nan hơn nữa khi việc hoạch định chính sách tiền tệ của mình còn phải “nhìn” sang cả chính sách"",""breadcrumb"":{""@id"":""https://thesaigontimes.vn/chinh-sach-tien-te-viet-nam-duoi-tac-dong-cua-chinh-sach-tien-te-cac-nuoc-lon/#breadcrumb""},""inLanguage"":""vi"",""potentialAction"":[{""@type"":""ReadAction"",""target"":[""https://thesaigontimes.vn/chinh-sach-tien-te-viet-nam-duoi-tac-dong-cua-chinh-sach-tien-te-cac-nuoc-lon/""]}]},{""@type"":""ImageObject"",""inLanguage"":""vi"",""@id"":""https://thesaigontimes.vn/chinh-sach-tien-te-viet-nam-duoi-tac-dong-cua-chinh-sach-tien-te-cac-nuoc-lon/#primaryimage"",""url"":""https://cdn.thesaigontimes.vn/wp-content/uploads/2023/07/20-1.jpg"",""contentUrl"":""https://cdn.thesaigontimes.vn/wp-content/uploads/2023/07/20-1.jpg"",""width"":1080,""height"":720,""caption"":""NHNN cần kiên định ít nhất là không hạ thêm lãi suất chính sách trong nửa cuối năm nay. Ảnh: N.K""},{""@type"":""BreadcrumbList"",""@id"":""https://thesaigontimes.vn/chinh-sach-tien-te-viet-nam-duoi-tac-dong-cua-chinh-sach-tien-te-cac-nuoc-lon/#breadcrumb"",""itemListElement"":[{""@type"":""ListItem"",""position"":1,""name"":""Trang chủ"",""item"":""https://thesaigontimes.vn/""},{""@type"":""ListItem"",""position"":2,""name"":""Chính sách tiền tệ Việt Nam dưới tác động của chính sách tiền tệ các nước lớn""}]},{""@type"":""WebSite"",""@id"":""https://thesaigontimes.vn/#website"",""url"":""https://thesaigontimes.vn/"",""name"":""Tạp chí Kinh tế Sài Gòn"",""description"":""Báo điện tử Kinh Tế Sài Gòn"",""publisher"":{""@id"":""https://thesaigontimes.vn/#organization""},""potentialAction"":[{""@type"":""SearchAction"",""target"":{""@type"":""EntryPoint"",""urlTemplate"":""https://thesaigontimes.vn/?s={search_term_string}""},""query-input"":""required name=search_term_string""}],""inLanguage"":""vi""},{""@type"":""Organization"",""@id"":""https://thesaigontimes.vn/#organization"",""name"":""Tạp chí Kinh tế Sài Gòn"",""url"":""https://thesaigontimes.vn/"",""logo"":{""@type"":""ImageObject"",""inLanguage"":""vi"",""@id"":""https://thesaigontimes.vn/#/schema/logo/image/"",""url"":""https://cdn.thesaigontimes.vn/wp-content/uploads/2021/12/cropped-group.jpg"",""contentUrl"":""https://cdn.thesaigontimes.vn/wp-content/uploads/2021/12/cropped-group.jpg"",""width"":512,""height"":512,""caption"":""Tạp chí Kinh tế Sài Gòn""},""image"":{""@id"":""https://thesaigontimes.vn/#/schema/logo/image/""},""sameAs"":[""https://www.facebook.com/kinhtesaigon.vn""]},{""@type"":""Person"",""@id"":""https://thesaigontimes.vn/#/schema/person/a1ea6df1cf960efa868f4eb2febe6211"",""name"":""thanh hong"",""image"":{""@type"":""ImageObject"",""inLanguage"":""vi"",""@id"":""https://thesaigontimes.vn/#/schema/person/image/"",""url"":""https://secure.gravatar.com/avatar/9f392861822ec0c14e744e71551fdf1a?s=96&d=mm&r=g"",""contentUrl"":""https://secure.gravatar.com/avatar/9f392861822ec0c14e744e71551fdf1a?s=96&d=mm&r=g"",""caption"":""thanh hong""},""url"":""https://thesaigontimes.vn/author/thanhhong/""}]}",bất ổn chính sách tiền tệ ngân hàng nhà nước
Sẽ khó có thêm đợt hạ lãi suất điều hành từ Ngân hàng Nhà nước? - Nhịp sống kinh tế Việt Nam & Thế giới,https://vneconomy.vn/se-kho-co-them-dot-ha-lai-suat-dieu-hanh-tu-ngan-hang-nha-nuoc.htm,"{""@context"":""http://schema.org"",""@type"":""NewsArticle"",""mainEntityOfPage"":{""@type"":""WebPage"",""@id"":""https://vneconomy.vn/se-kho-co-them-dot-ha-lai-suat-dieu-hanh-tu-ngan-hang-nha-nuoc.htm""},""headline"":""S\u1EBD kh\u00F3 c\u00F3 th\u00EAm \u0111\u1EE3t h\u1EA1 l\u00E3i su\u1EA5t \u0111i\u1EC1u h\u00E0nh t\u1EEB Ng\u00E2n h\u00E0ng Nh\u00E0 n\u01B0\u1EDBc?"",""image"":[""https://media.vneconomy.vn/images/upload/2023/09/06/bank.jpeg""],""datePublished"":""9/20/2023 11:12:00 AM"",""dateModified"":""9/20/2023 11:13:01 AM"",""author"":{""@type"":""Person"",""Name"":""Thu Minh - ""},""publisher"":{""@type"":""Organization"",""Name"":""VnEconomy"",""logo"":{""@type"":""ImageObject"",""Url"":""https://media.vneconomy.vn/App_themes/images/logo.png""}},""description"":""Ti\u1EBFn tr\u00ECnh gi\u1EA3m l\u00E3i su\u1EA5t \u0111i\u1EC1u h\u00E0nh \u0111\u01B0\u1EE3c d\u1EF1 b\u00E1o s\u1EBD t\u1EA1m d\u1EEBng \u00EDt nh\u1EA5t cho \u0111\u1EBFn n\u1EEDa \u0111\u1EA7u n\u0103m 2024 v\u00EC Ng\u00E2n h\u00E0ng Nh\u00E0 n\u01B0\u1EDBc c\u1EA7n c\u00E2n b\u1EB1ng m\u1EE5c ti\u00EAu \u1ED5n \u0111\u1ECBnh kinh t\u1EBF v\u0129 m\u00F4 v\u00E0 t\u0103ng tr\u01B0\u1EDFng trong b\u1ED1i c\u1EA3nh \u00E1p l\u1EF1c t\u1EF7 gi\u00E1 v\u00E0 l\u1EA1m ph\u00E1t gia t\u0103ng...""}",bất ổn lãi suất ngân hàng nhà nước
,https://www.sbv.gov.vn/webcenter/portal/m/links/cm100?dDocName=SBV566637,31/03/2023,bất ổn lãi suất ngân hàng nhà nước
"Ngân hàng Nhà nước tiếp tục hạ lãi suất điều hành lần thứ 3, áp dụng từ 25/5 - Nhịp sống kinh tế Việt Nam & Thế giới",https://vneconomy.vn/ngan-hang-nha-nuoc-tiep-tuc-ha-lai-suat-dieu-hanh-lan-thu-3-ap-dung-tu-25-5.htm,"{""@context"":""http://schema.org"",""@type"":""NewsArticle"",""mainEntityOfPage"":{""@type"":""WebPage"",""@id"":""https://vneconomy.vn/ngan-hang-nha-nuoc-tiep-tuc-ha-lai-suat-dieu-hanh-lan-thu-3-ap-dung-tu-25-5.htm""},""headline"":""Ng\u00E2n h\u00E0ng Nh\u00E0 n\u01B0\u1EDBc ti\u1EBFp t\u1EE5c h\u1EA1 l\u00E3i su\u1EA5t \u0111i\u1EC1u h\u00E0nh l\u1EA7n th\u1EE9 3, \u00E1p d\u1EE5ng t\u1EEB 25/5"",""image"":[""https://media.vneconomy.vn/images/upload/2023/05/23/ls.png""],""datePublished"":""5/23/2023 8:04:52 PM"",""dateModified"":""5/23/2023 8:04:52 PM"",""author"":{""@type"":""Person"",""Name"":""Tr\u00E2m Anh - ""},""publisher"":{""@type"":""Organization"",""Name"":""VnEconomy"",""logo"":{""@type"":""ImageObject"",""Url"":""https://media.vneconomy.vn/App_themes/images/logo.png""}},""description"":""Ng\u00E2n h\u00E0ng Nh\u00E0 n\u01B0\u1EDBc quy\u1EBFt \u0111\u1ECBnh gi\u1EA3m lo\u1EA1t l\u00E3i su\u1EA5t \u0111i\u1EC1u h\u00E0nh \u00E1p d\u1EE5ng t\u1EEB ng\u00E0y 25/5 t\u1EDBi \u0111\u00E2y. \u0110\u00E2y l\u00E0 l\u1EA7n th\u1EE9 ba Ng\u00E2n h\u00E0ng Nh\u00E0 n\u01B0\u1EDBc quy\u1EBFt \u0111\u1ECBnh gi\u1EA3m l\u00E3i su\u1EA5t \u0111i\u1EC1u h\u00E0nh \u0111\u1EC3 h\u1ED7 tr\u1EE3 ph\u1EE5c h\u1ED3i t\u0103ng tr\u01B0\u1EDFng kinh t\u1EBF k\u1EC3 t\u1EEB \u0111\u1EA7u n\u0103m 2023...""}",bất ổn lãi suất ngân hàng nhà nước
"Ngân hàng Nhà nước điều chỉnh giảm 0,3-0,5%/năm các mức lãi suất",https://nhandan.vn/ngan-hang-nha-nuoc-dieu-chinh-giam-03-05nam-cac-muc-lai-suat-post745733.html,"{""@context"": ""http://schema.org"",""@type"": ""NewsArticle"",""mainEntityOfPage"":{""@type"":""WebPage"",""@id"":""https://nhandan.vn/ngan-hang-nha-nuoc-dieu-chinh-giam-03-05nam-cac-muc-lai-suat-post745733.html""},""headline"": ""Ngân hàng Nhà nước điều chỉnh giảm 0,3-0,5%/năm các mức lãi suất"",""description"": ""Để tiếp tục thực hiện chủ trương của Quốc hội, Chính phủ, Thủ tướng Chính phủ giảm lãi suất cho vay nhằm tháo gỡ khó khăn cho nền kinh tế, doanh nghiệp và người dân, ngày 31/3, Ngân hàng Nhà nước ban hành các quyết định về việc điều chỉnh giảm 0,3-0,5%/năm các mức lãi suất, có hiệu lực từ ngày 3/4."",""image"": {""@type"": ""ImageObject"",""url"": ""https://image.nhandan.vn/1200x630/Uploaded/2023/athlrainagbna/2023_03_31/khach-hang-giao-dich-tai-chi-nhanh-ngan-hang-agribank-4258.jpg.webp"",""width"" : 1200,""height"" : 675},""datePublished"": ""2023-03-31T21:36:12+0700"",""dateModified"": ""2023-08-22T10:57:11+0700"",""author"": {""@type"": ""Person"",""name"": ""HỒNG ANH""},""publisher"": {""@type"": ""Organization"",""name"": ""Báo Nhân Dân điện tử"",""logo"": {""@type"": ""ImageObject"",""url"": ""https://static-cms-nhandan.epicdn.me/web/styles/img/logo.png""}}}",bất ổn lãi suất ngân hàng nhà nước
Giảm các mức lãi suất điều hành từ 3/4/2023,https://xaydungchinhsach.chinhphu.vn/ngan-hang-nha-nuoc-tiep-tuc-giam-lai-suat-119230401064608221.htm,Giảm các mức lãi suất điều hành từ 3/4/2023,bất ổn lãi suất ngân hàng nhà nước
Chi tiết tin,https://mof.gov.vn/webcenter/portal/ttncdtbh/pages_r/l/chi-tiet-tin?dDocName=BTC262277,"16/12/2011 08:52:00
            ",bất ổn lãi suất ngân hàng nhà nước
Chi tiết tin,https://mof.gov.vn/webcenter/portal/vclvcstc/pages_r/l/chi-tiet-tin?dDocName=MOFUCM161173,"29/08/2019 10:24:00
            ",bất ổn lãi suất ngân hàng nhà nước
Ngân hàng Nhà nước quyết định giảm đồng loạt các mức lãi suất điều hành từ ngày 03/04/2023 đúng không?,https://thuvienphapluat.vn/phap-luat/ngan-hang-nha-nuoc-quyet-dinh-giam-dong-loat-cac-muc-lai-suat-dieu-hanh-tu-ngay-03042023-dung-khong-79947.html,Ngân hàng Nhà nước quyết định giảm đồng loạt các mức lãi suất điều hành từ ngày 03/04/2023 đúng không?,bất ổn lãi suất ngân hàng nhà nước
Ngân hàng Nhà nước giảm lãi suất: Đón đầu xu hướng,https://laodong.vn/kinh-doanh/ngan-hang-nha-nuoc-giam-lai-suat-don-dau-xu-huong-1174620.ldo,"[{""@context"":""https://schema.org"",""@type"":""BreadcrumbList"",""itemListElement"":[{""@type"":""ListItem"",""position"":1,""item"":{""@id"":""https://laodong.vn/kinh-doanh"",""name"":""Kinh doanh""}},{""@type"":""ListItem"",""position"":2,""item"":{""@id"":""https://laodong.vn/kinh-doanh/ngan-hang-nha-nuoc-giam-lai-suat-don-dau-xu-huong-1174620.ldo"",""name"":""Ngân hàng Nhà nước giảm lãi suất: Đón đầu xu hướng""}}]},{""@context"":""https://schema.org"",""@type"":""NewsArticle"",""headline"":""Ngân hàng Nhà nước giảm lãi suất: Đón đầu xu hướng"",""description"":""Giới chuyên gia tin rằng động thái của Ngân hàng Nhà nước hiện nay đang đón đầu, đi trước xu hướng giảm của mặt bằng lãi suất toàn cầu. Đây là một động thái táo bạo..."",""mainEntityOfPage"":{""@context"":""https://schema.org"",""@type"":""WebPage"",""@id"":""https://laodong.vn/kinh-doanh/ngan-hang-nha-nuoc-giam-lai-suat-don-dau-xu-huong-1174620.ldo""},""url"":""https://laodong.vn/kinh-doanh/ngan-hang-nha-nuoc-giam-lai-suat-don-dau-xu-huong-1174620.ldo"",""publisher"":{""@type"":""Organization"",""name"":""Báo Lao Động"",""logo"":{""@context"":""https://schema.org"",""@type"":""ImageObject"",""url"":""https://laodong.vn/img/ldo_red.png""}},""image"":[{""@context"":""https://schema.org"",""@type"":""ImageObject"",""caption"":""Ngân hàng Nhà nước giảm lãi suất: Đón đầu xu hướng"",""url"":""https://media-cdn-v2.laodong.vn/storage/newsportal/2023/4/2/1174620/Ngan-Hang-Nha-Nuoc1.jpg""},{""@context"":""https://schema.org"",""@type"":""ImageObject"",""caption"":""Vào 3.4 sắp tới, Ngân hàng Nhà nước sẽ điều chỉnh giảm 0,3 - 0,5%/năm các mức lãi suất. Ảnh: Đức Mạnh"",""url"":""https://media-cdn-v2.laodong.vn/Storage/NewsPortal/2023/4/2/1174620/Ngan-Hang-Nha-Nuoc1.jpg""}],""datePublished"":""2023-04-02T09:35:01+07:00"",""dateModified"":""2023-04-02T09:35:01+07:00"",""author"":[{""@type"":""Person"",""name"":""Đức Mạnh"",""url"":""https://laodong.vn""}]},{""@context"":""https://schema.org"",""@type"":""Organization"",""name"":""Báo Lao Động"",""url"":""https://laodong.vn"",""logo"":""https://media-cdn-v2.laodong.vn/laodong-logo.png""}]",bất ổn lãi suất ngân hàng nhà nước
Ngân hàng Nhà nước cấm lách trần lãi suất huy động,https://tienphong.vn/ngan-hang-nha-nuoc-cam-lach-tran-lai-suat-huy-dong-post1517699.tpo,"{""@context"": ""http://schema.org"",""@type"": ""NewsArticle"",""mainEntityOfPage"":{""@type"":""WebPage"",""@id"":""https://tienphong.vn/ngan-hang-nha-nuoc-cam-lach-tran-lai-suat-huy-dong-post1517699.tpo""},""headline"": ""Ngân hàng Nhà nước cấm lách trần lãi suất huy động"",""description"": ""Ngân hàng Nhà nước đã chỉ đạo các ngân hàng kiểm soát chặt chẽ lãi suất tiền gửi để giữ ổn định mặt bằng lãi suất thị trường. Nghiêm cấm ngân hàng thực hiện các biện pháp kỹ thuật để lách vượt trần lãi suất huy động."",""image"": {""@type"": ""ImageObject"",""url"": ""https://image.tienphong.vn/600x315/Uploaded/2023/unvjthp/2023_03_15/laisuat15-7293.jpg"",""width"" : 720,""height"" : 480},""datePublished"": ""2023-03-15T11:07:32+0700"",""dateModified"": ""2023-03-15T11:07:32+0700"",""author"": {""@type"": ""Person"",""name"": ""Ngọc Mai""},""publisher"": {""@type"": ""Organization"",""name"": ""Báo điện tử Tiền Phong"",""logo"": {""@type"": ""ImageObject"",""url"": ""https://static-cms-tpo.epicdn.me/v3/web/styles/img/logo.png""}}}",bất ổn lãi suất ngân hàng nhà nước
Ngân hàng Nhà nước có thể tiếp tục hạ lãi suất | Báo Pháp Luật TP. Hồ Chí Minh,https://plo.vn/ngan-hang-nha-nuoc-co-the-tiep-tuc-ha-lai-suat-post741370.html,"window.dataLayer=window.dataLayer||[];dataLayer.push({articleId:""741370"",articleTitle:""Ng\u00E2n h\u00E0ng Nh\u00E0 n\u01B0\u1EDBc c\u00F3 th\u1EC3 ti\u1EBFp t\u1EE5c h\u1EA1 l\u00E3i su\u1EA5t"",articleCategory:""T\u00E0i ch\u00EDnh - Ng\u00E2n h\u00E0ng"",articleAlowAds:true,articleAuthor:""PH\u01AF\u01A0NG MINH"",articleType:""normal"",articleTags:""gi\u1EA3m l\u00E3i su\u1EA5t,h\u1ED7 tr\u1EE3 t\u0103ng tr\u01B0\u1EDFng kinh t\u1EBF,ng\u00E2n h\u00E0ng"",articlePublishDate:""2023-07-08T09:18:15+0700"",articleThumbnail:""https://image.plo.vn/1200x630/Uploaded/2023/wsxrzreyxq/2022_12_21/hinh-5-3-5108.jpg.webp"",articleShortUrl:""https://plo.vn/share741370.html"",articleFullUrl:""https://plo.vn/ngan-hang-nha-nuoc-co-the-tiep-tuc-ha-lai-suat-post741370.html""});",bất ổn lãi suất ngân hàng nhà nước
Ngân hàng Nhà nước đang phải đối mặt với rất nhiều áp lực | Tạp chí Kinh tế và Dự báo,https://kinhtevadubao.vn/ngan-hang-nha-nuoc-dang-phai-doi-mat-voi-rat-nhieu-ap-luc-25630.html,"
{
  ""@context"": ""https://schema.org"",
  ""@type"": ""NewsArticle"",
  ""mainEntityOfPage"": {
    ""@type"": ""WebPage"",
    ""@id"": ""https://kinhtevadubao.vn/ngan-hang-nha-nuoc-dang-phai-doi-mat-voi-rat-nhieu-ap-luc-25630.html""
  },
  ""headline"": ""Ngân hàng Nhà nước đang phải đối mặt với rất nhiều áp lực"",
  ""description"": ""Thống đốc Nguyễn Thị Hồng cho biết, Ngân hàng Nhà nước đang phải đối mặt và chịu rất nhiều áp lực…"",
  ""image"": {
    ""@type"": ""ImageObject"",
    ""url"": ""https://kinhtevadubao.vn/stores/news_dataimages/hoenh/042023/04/08/in_social/ngan-hang-nha-nuoc-dang-phai-doi-mat-voi-rat-nhieu-ap-luc.jpg?randTime=1695286021"",
    ""width"": 720,
    ""height"": 480
  },
  ""datePublished"": ""2023-04-04T09:02:23+07:00"",
  ""dateModified"": ""2023-04-04T09:02:23+07:00"",
  ""author"": {
    ""@type"": ""Person"",
    ""name"": ""T.Văn Tạp chí Kinh tế và Dự báo - Bộ Kế hoạch và Đầu tư""
  },
  ""publisher"": {
    ""@type"": ""Organization"",
    ""name"": ""Tạp chí Kinh tế và Dự báo - Bộ Kế hoạch và Đầu tư"",
    ""logo"": {
      ""@type"": ""ImageObject"",
      ""url"": ""/modules/frontend/themes/giao-dien-mac-dinh/images/logo.png?v=2.620230828081732"",
      ""width"": 300
    }
  }
}
",bất ổn lãi suất ngân hàng nhà nước
"
	Ngân hàng nhà nước giảm trần lãi suất tiết kiệm xuống 4,75% từ ngày 19/6
",https://www.laocai.gov.vn/tin-trong-nuoc/ngan-hang-nha-nuoc-giam-tran-lai-suat-tiet-kiem-xuong-4-75-tu-ngay-19-6-1190776,16/06/2023,bất ổn lãi suất ngân hàng nhà nước
Ngân hàng Nhà nước tiếp tục hạ trần lãi suất huy động | Báo Dân trí,https://dantri.com.vn/kinh-doanh/ngan-hang-nha-nuoc-tiep-tuc-ha-tran-lai-suat-huy-dong-20230616122429062.htm,"{""@context"":""http://schema.org"",""@type"":""NewsArticle"",""mainEntityOfPage"":{""@context"":""http://schema.org"",""@type"":""WebPage"",""@id"":""https://dantri.com.vn/kinh-doanh/ngan-hang-nha-nuoc-tiep-tuc-ha-tran-lai-suat-huy-dong-20230616122429062.htm""},""headline"":""Ngân hàng Nhà nước tiếp tục hạ trần lãi suất huy động"",""description"":""(Dân trí) - Ngân hàng Nhà nước tiếp tục điều chỉnh tiếp một loạt lãi suất điều hành. Lãi suất huy động kỳ hạn 1 tháng đến dưới 6 tháng giảm từ 5% xuống 4,75%/năm."",""image"":{""@context"":""http://schema.org"",""@type"":""ImageObject"",""url"":""https://cdnphoto.dantri.com.vn/7jagicTS2ymS3xERvm5fj47i3qY=/zoom/1200_630/2023/06/16/sbv-1680272004981766418911-crop-1686892593131.jpeg"",""width"":""1200"",""height"":""630""},""author"":{""@context"":""http://schema.org"",""@type"":""Person"",""name"":""Thảo Thu"",""url"":""https://dantri.com.vn/tac-gia/thao-thu-3019.htm""},""datePublished"":""2023-06-16T12:29:31+07:00"",""dateModified"":""2023-06-16T12:29:31+07:00"",""publisher"":{""@context"":""http://schema.org"",""@type"":""Organization"",""name"":""Báo Dân Trí"",""logo"":{""@context"":""http://schema.org"",""@type"":""ImageObject"",""url"":""https://cdnweb.dantri.com.vn/images/logo.svg"",""height"":""160px"",""width"":""48px""}},""about"":[""Kinh doanh"",""Tài chính"",""Tin nóng"",""lãi suất điều hành"",""Ngân hàng Nhà nước"",""lãi suất""]}",bất ổn lãi suất ngân hàng nhà nước
Ngân hàng Nhà nước tiếp tục hạ lãi suất điều hành | VTV.VN,https://vtv.vn/kinh-te/ngan-hang-nha-nuoc-tiep-tuc-ha-lai-suat-2023052319234045.htm,"
    {
        ""@context"": ""http://schema.org"",
        ""@type"": ""NewsArticle"",
        ""mainEntityOfPage"":{
            ""@type"":""WebPage"",
            ""@id"":""https://vtv.vn/kinh-te/ngan-hang-nha-nuoc-tiep-tuc-ha-lai-suat-2023052319234045.htm""
        },
        ""headline"": ""Ng&#226;n h&#224;ng Nh&#224; nước tiếp tục hạ l&#227;i suất điều h&#224;nh"",
        ""description"": ""VTV.vn - Ng&#226;n h&#224;ng Nh&#224; nước vừa ra 2 quyết định điều chỉnh giảm 0,5 %/năm ở nhiều loại l&#227;i suất điều h&#224;nh."",
        ""image"": {
            ""@type"": ""ImageObject"",
            ""url"": ""https://vtv1.mediacdn.vn/zoom/700_438/562122370168008704/2023/5/23/photo1684844518851-1684844519256244663948.png"",
            ""width"" : 700,
            ""height"" : 438
        },
        ""datePublished"": ""2023-05-23T19:25:00+07:00"",
        ""dateModified"": ""2023-05-23T19:25:00+07:00"",
        ""author"": {
            ""@type"": ""Person"",
            ""name"": ""PV""
        },
        ""publisher"": {
            ""@type"": ""Organization"",
            ""name"": ""vtv.vn"",
            ""logo"": {
                ""@type"": ""ImageObject"",
                ""url"": ""https://vtv1.mediacdn.vn/web_images/vtv60.png"",
                ""width"": 60,
                ""height"": 60
            }
        }
    }
    ",bất ổn lãi suất ngân hàng nhà nước
Vì sao Ngân hàng Nhà nước liên tiếp điều chỉnh giảm lãi suất,https://thitruongtaichinhtiente.vn/vi-sao-ngan-hang-nha-nuoc-lien-tiep-dieu-chinh-giam-lai-suat-47321.html,"Thứ Năm, 21/9/2023",bất ổn lãi suất ngân hàng nhà nước
Ngân hàng Nhà nước: Sẽ xử lý nhà băng tăng lãi suất - VnExpress Kinh doanh,https://vnexpress.net/ngan-hang-nha-nuoc-se-xu-ly-nha-bang-tang-lai-suat-4551713.html," { ""@context"":""http://schema.org"", ""@type"":""NewsArticle"", ""mainEntityOfPage"":{ ""@type"":""WebPage"", ""@id"":""https://vnexpress.net/ngan-hang-nha-nuoc-se-xu-ly-nha-bang-tang-lai-suat-4551713.html"" }, ""headline"":""Ngân hàng Nhà nước: Sẽ xử lý nhà băng tăng lãi suất"", ""description"":""Ngân hàng Nhà nước cho biết sẽ theo dõi và có biện pháp xử lý các nhà băng tiếp tục tăng lãi suất."", ""image"":{ ""@type"":""ImageObject"", ""url"":""https://i1-kinhdoanh.vnecdn.net/2022/12/23/320722880-5659172387465466-572-8342-9585-1671765155.jpg?w=900&h=540&q=100&dpr=1&fit=crop&s=RyfhK4sBm3WTN_vcb1lGzw"", ""width"":900, ""height"":540 }, ""datePublished"":""2022-12-23T10:36:52+07:00"", ""dateModified"":""2022-12-23T10:48:34+07:00"", ""author"":{ ""@type"":""Organization"", ""name"":""VnExpress"" }, ""publisher"":{ ""@type"": ""Organization"", ""name"":""VnExpress"", ""logo"":{ ""@type"":""ImageObject"", ""url"":""https://s1.vnecdn.net/vnexpress/restruct/i/v804/logos/vnexpress_500x110.png"", ""width"":500, ""height"":112 } }, ""about"": [""Lãi suất ngân hàng cao nhất"",""Lãi suất ngân hàng cao nhất"",""Ngân hàng Nhà nước Việt Nam"",""Chính sách kinh tế"",""Tin"",""Tin nóng""] } ",bất ổn lãi suất ngân hàng nhà nước
"Lãi suất liên ngân hàng tăng vọt, Ngân hàng Nhà nước có thể giảm thêm lãi suất điều hành",https://baodautu.vn/lai-suat-lien-ngan-hang-tang-vot-ngan-hang-nha-nuoc-co-the-giam-them-lai-suat-dieu-hanh-d187186.html, - 07/04/2023 13:58,bất ổn lãi suất ngân hàng nhà nước
Ngân hàng Nhà nước tiếp tục hạ lãi suất điều hành - Báo Người lao động,http://nld.com.vn/kinh-te/ngan-hang-nha-nuoc-tiep-tuc-ha-lai-suat-tu-19-6-20230616124137247.htm,"
    {
        ""@context"": ""http://schema.org"",
        ""@type"": ""NewsArticle"",
        ""mainEntityOfPage"":{
            ""@type"":""WebPage"",
            ""@id"":""https://nld.com.vn/kinh-te/ngan-hang-nha-nuoc-tiep-tuc-ha-lai-suat-tu-19-6-20230616124137247.htm""
        },
        ""headline"": ""Ngân hàng Nhà nước tiếp tục hạ lãi suất điều hành"",
        ""description"": ""Ngày 16-6, Ngân hàng Nhà nước Việt Nam (NHNN) vừa ra các quyết định điều chỉnh các mức lãi suất, có hiệu lực từ ngày 19-6-2023"",
        ""image"": {
            ""@type"": ""ImageObject"",
            ""url"": ""https://nld.mediacdn.vn/zoom/700_438/291774122806476800/2023/6/16/vnd-16797329451031553667504-16868939606891595965985.jpg"",
            ""width"" : 700,
            ""height"" : 438
        },
        ""datePublished"": ""2023-06-16T12:45:00+07:00"",
        ""dateModified"": ""2023-06-16T12:45:00+07:00"",
        ""author"": {
            ""@type"": ""Person"",
            ""name"": ""Dương Ngọc""
        },
        ""publisher"": {
            ""@type"": ""Organization"",
            ""name"": ""nld.com.vn"",
            ""logo"": {
                ""@type"": ""ImageObject"",
                ""url"": ""https://static.mediacdn.vn/nld/web_images/nld32.png"",
                ""width"": 60,
                ""height"": 60
            }
        }
    }
    ",bất ổn lãi suất ngân hàng nhà nước
Standard Chartered: Ngân hàng Nhà nước có thể tiếp tục giảm lãi suất trong quý 3/2023,https://tapchicongthuong.vn/bai-viet/standard-chartered-ngan-hang-nha-nuoc-co-the-tiep-tuc-giam-lai-suat-trong-quy-32023-106542.htm,26/06/2023 lúc 07:10 (GMT),bất ổn lãi suất ngân hàng nhà nước
Dòng tiền ở thị trường chứng khoán có xu hướng bình ổn | VTV.VN,https://vtv.vn/kinh-te/dong-tien-o-thi-truong-chung-khoan-co-xu-huong-binh-on-20230723211625574.htm,"
    {
        ""@context"": ""http://schema.org"",
        ""@type"": ""NewsArticle"",
        ""mainEntityOfPage"":{
            ""@type"":""WebPage"",
            ""@id"":""https://vtv.vn/kinh-te/dong-tien-o-thi-truong-chung-khoan-co-xu-huong-binh-on-20230723211625574.htm""
        },
        ""headline"": ""D&#242;ng tiền ở thị trường chứng kho&#225;n c&#243; xu hướng b&#236;nh ổn"",
        ""description"": ""VTV.vn - Chuy&#234;n gia từ C&#244;ng ty cổ phần Chứng kho&#225;n S&#224;i G&#242;n (SHS) nhận định, t&#226;m l&#253; giới đầu tư đang dần ổn định hơn do họ c&#243; niềm tin kinh tế sẽ ổn định trở lại."",
        ""image"": {
            ""@type"": ""ImageObject"",
            ""url"": ""https://vtv1.mediacdn.vn/zoom/700_438/562122370168008704/2023/7/23/photo1690121680415-1690121680763224915561.png"",
            ""width"" : 700,
            ""height"" : 438
        },
        ""datePublished"": ""2023-07-24T07:32:00+07:00"",
        ""dateModified"": ""2023-07-24T07:32:00+07:00"",
        ""author"": {
            ""@type"": ""Person"",
            ""name"": ""TTXVN""
        },
        ""publisher"": {
            ""@type"": ""Organization"",
            ""name"": ""vtv.vn"",
            ""logo"": {
                ""@type"": ""ImageObject"",
                ""url"": ""https://vtv1.mediacdn.vn/web_images/vtv60.png"",
                ""width"": 60,
                ""height"": 60
            }
        }
    }
    ",bất ổn thị trường chứng khoán
Tại sao thị trường chứng khoán Việt Nam biến động mạnh?,https://xaydungchinhsach.chinhphu.vn/tai-sao-thi-truong-chung-khoan-viet-nam-bien-dong-manh-thoi-gian-qua-119221112104517903.htm,"
                                {
                                    ""@context"": ""http://schema.org"",
                                    ""@type"": ""NewsArticle"",
                                    ""mainEntityOfPage"":{
                                        ""@type"":""WebPage"",
                                        ""@id"":""https://xaydungchinhsach.chinhphu.vn/tai-sao-thi-truong-chung-khoan-viet-nam-bien-dong-manh-thoi-gian-qua-119221112104517903.htm""
                                    },
                                    ""headline"": ""Tại sao thị trường chứng kho&#225;n Việt Nam biến động mạnh?"",
                                    ""description"": ""Ủy ban chứng kho&#225;n Nh&#224; nước th&#244;ng tin t&#236;nh h&#236;nh thị trường chứng kho&#225;n thời gian qua."",
                                    ""image"": {
                                        ""@type"": ""ImageObject"",
                                        ""url"": ""https://xdcs.cdnchinhphu.vn/zoom/600_315/446259493575335936/2022/11/12/ck-1668223277928472819485-0-36-540-900-crop-16682238972642002814628.jpg"",
                                        ""width"" : 600,
                                        ""height"" : 315
                                    },
                                    ""datePublished"": ""2022-11-14T11:01:00+07:00"",
                                    ""dateModified"": ""2022-11-14T11:02:00+07:00"",
                                    ""author"": {
                                        ""@type"": ""Person"",
                                        ""name"": """"
                                    },
                                    ""publisher"": {
                                        ""@type"": ""Organization"",
                                        ""name"": ""xaydungchinhsach.chinhphu.vn"",
                                        ""logo"": {
                                            ""@type"": ""ImageObject"",
                                            ""url"": ""https://static.mediacdn.vn/baochinhphu/image/logo.png"",
                                            ""width"": 60,
                                            ""height"": 60
                                        }
                                    }
                                }
                            ",bất ổn thị trường chứng khoán
Thị trường chứng khoán tiếp tục bất ổn do đâu?,https://laodong.vn/kinh-doanh/thi-truong-chung-khoan-tiep-tuc-bat-on-do-dau-1034564.ldo,"[{""@context"":""https://schema.org"",""@type"":""BreadcrumbList"",""itemListElement"":[{""@type"":""ListItem"",""position"":1,""item"":{""@id"":""https://laodong.vn/kinh-doanh"",""name"":""Kinh doanh""}},{""@type"":""ListItem"",""position"":2,""item"":{""@id"":""https://laodong.vn/kinh-doanh/thi-truong-chung-khoan-tiep-tuc-bat-on-do-dau-1034564.ldo"",""name"":""Thị trường chứng khoán tiếp tục bất ổn do đâu?""}}]},{""@context"":""https://schema.org"",""@type"":""NewsArticle"",""headline"":""Thị trường chứng khoán tiếp tục bất ổn do đâu?"",""description"":""Thị trường chứng khoán với VN-Index tiếp tục có một tuần giao dịch dù đã được thắp lên hy vọng từ phiên hồi phục mạnh ngày 13.4 nhưng để rồi..."",""mainEntityOfPage"":{""@context"":""https://schema.org"",""@type"":""WebPage"",""@id"":""https://laodong.vn/kinh-doanh/thi-truong-chung-khoan-tiep-tuc-bat-on-do-dau-1034564.ldo""},""url"":""https://laodong.vn/kinh-doanh/thi-truong-chung-khoan-tiep-tuc-bat-on-do-dau-1034564.ldo"",""publisher"":{""@type"":""Organization"",""name"":""Báo Lao Động"",""logo"":{""@context"":""https://schema.org"",""@type"":""ImageObject"",""url"":""https://laodong.vn/img/ldo_red.png""}},""image"":[{""@context"":""https://schema.org"",""@type"":""ImageObject"",""caption"":""Chỉ số chứng khoán VN-Index tiếp tục trải qua một tuần bất ổn. Ảnh minh họa: Thế Lâm."",""url"":""https://media-cdn-v2.laodong.vn/storage/newsportal/2022/4/15/1034564/Thi_Truong_Chung_Kho.jpg""}],""datePublished"":""2022-04-16T06:25:30+07:00"",""dateModified"":""2022-04-16T06:25:30+07:00"",""author"":[{""@type"":""Person"",""name"":""Thế Lâm"",""url"":""https://laodong.vn""}]},{""@context"":""https://schema.org"",""@type"":""Organization"",""name"":""Báo Lao Động"",""url"":""https://laodong.vn"",""logo"":""https://media-cdn-v2.laodong.vn/laodong-logo.png""}]",bất ổn thị trường chứng khoán
Chi tiết tin,https://mof.gov.vn/webcenter/portal/vclvcstc/pages_r/l/chi-tiet-tin?dDocName=MOFUCM263195,"16/01/2023 09:06:00
            ",bất ổn thị trường chứng khoán
Thị trường chứng khoán quý I/2023,https://nhandan.vn/chung-khoan-viet-co-co-hoi-phuc-hoi-on-dinh-hon-post746702.html,"{""@context"": ""http://schema.org"",""@type"": ""NewsArticle"",""mainEntityOfPage"":{""@type"":""WebPage"",""@id"":""https://nhandan.vn/chung-khoan-viet-co-co-hoi-phuc-hoi-on-dinh-hon-post746702.html""},""headline"": ""Chứng khoán Việt có cơ hội phục hồi, ổn định hơn"",""description"": ""Thị trường chứng khoán Việt Nam vừa trải qua một quý đầu năm 2023 với nhiều biến động, tăng, giảm đan xen do sự tác động mạnh mẽ của nhiều yếu tố vĩ mô trong nước và quốc tế. Dù thách thức vẫn lớn, tuy nhiên, nhiều dự báo cho thấy, thị trường đang có nhiều cơ hội hơn để hồi phục và phát triển ổn định hơn trong thời gian tới."",""image"": {""@type"": ""ImageObject"",""url"": ""https://image.nhandan.vn/1200x630/Uploaded/2023/kplbaob/2023_04_07/thi-truong-7629.png.webp"",""width"" : 1200,""height"" : 675},""datePublished"": ""2023-04-07T13:43:38+0700"",""dateModified"": ""2023-04-07T13:43:38+0700"",""author"": {""@type"": ""Person"",""name"": ""MINH ĐỨC - GIANG KHÔI""},""publisher"": {""@type"": ""Organization"",""name"": ""Báo Nhân Dân điện tử"",""logo"": {""@type"": ""ImageObject"",""url"": ""https://static-cms-nhandan.epicdn.me/web/styles/img/logo.png""}}}",bất ổn thị trường chứng khoán
"Thị trường chứng khoán Việt Nam sụt giảm mạnh: Nguyên nhân, triển vọng và giải pháp",https://cafef.vn/thi-truong-chung-khoan-viet-nam-sut-giam-manh-nguyen-nhan-trien-vong-va-giai-phap-2022110713023565.chn,"
{
    ""@context"": ""http://schema.org"",
    ""@type"": ""NewsArticle"",
    ""mainEntityOfPage"":{
        ""@type"":""WebPage"",
        ""@id"":""https://cafef.vn/thi-truong-chung-khoan-viet-nam-sut-giam-manh-nguyen-nhan-trien-vong-va-giai-phap-2022110713023565.chn""
    },
    ""headline"": ""Thị trường chứng khoán Việt Nam sụt giảm mạnh: Nguyên nhân, triển vọng và giải pháp"",
    ""description"": ""Dù chịu ảnh hưởng từ xu hướng giảm chung của TTCK thế giới, nhưng điểm đáng chú ý là những diễn biến tiêu cực của thị trường diễn ra trong bối cảnh kinh tế vĩ mô trong nước tương đối tốt và ổn định so với thế giới, sản xuất kinh doanh của doanh nghiệp cũng tương đối khả quan. TS. Cấn Văn Lực và Nhóm tác giả Viện Đào tạo và Nghiên cứu BIDV đã có những đánh giá cụ thể và đưa ra khuyến nghị ..."",
    ""image"": {
        ""@type"": ""ImageObject"",
        ""url"": ""https://cafefcdn.com/zoom/700_438/203337114487263232/2022/11/7/photo1667800481713-1667800482097588529909.jpg"",
        ""width"" : 700,
        ""height"" : 438
    },
    ""datePublished"": ""2022-11-07T13:02:37"",
    ""dateModified"": ""2022-11-07T13:32:02"",
    ""author"": {
        ""@type"": ""Person"",
        ""name"": ""H. Kim (ghi theo báo cáo của Nhóm tác giả)""
    },
    ""publisher"": {
        ""@type"": ""Organization"",
        ""name"": ""https://cafef.vn"",
        ""logo"": {
            ""@type"": ""ImageObject"",
           ""url"": """",
            ""width"": 70,
            ""height"": 70
        }
    }
}
",bất ổn thị trường chứng khoán
Ứng phó với bất ổn thị trường,https://nhandan.vn/ung-pho-voi-bat-on-thi-truong-post759200.html,"{""@context"": ""http://schema.org"",""@type"": ""NewsArticle"",""mainEntityOfPage"":{""@type"":""WebPage"",""@id"":""https://nhandan.vn/ung-pho-voi-bat-on-thi-truong-post759200.html""},""headline"": ""Ứng phó với bất ổn thị trường"",""description"": ""Trước ảnh hưởng của nền kinh tế toàn cầu, nhất là sức mua tại các thị trường chính giảm mạnh khiến ngành dệt may Việt Nam những tháng đầu năm rơi vào cảnh “trầm lắng”, với kim ngạch xuất khẩu giảm hơn 20% so với cùng kỳ năm 2022. Muốn giữ nhịp tăng trưởng, đòi hỏi doanh nghiệp phải linh hoạt triển khai các giải pháp đẩy mạnh hoạt động sản xuất, kinh doanh, thúc đẩy xuất khẩu hàng hóa."",""image"": {""@type"": ""ImageObject"",""url"": ""https://image.nhandan.vn/1200x630/Uploaded/2023/pgazsmztzsao/2023_06_25/3-1-8323.jpg.webp"",""width"" : 1200,""height"" : 675},""datePublished"": ""2023-06-25T05:32:37+0700"",""dateModified"": ""2023-06-25T05:32:37+0700"",""author"": {""@type"": ""Person"",""name"": ""Bài và ảnh: HOÀNG VĂN""},""publisher"": {""@type"": ""Organization"",""name"": ""Báo Nhân Dân điện tử"",""logo"": {""@type"": ""ImageObject"",""url"": ""https://static-cms-nhandan.epicdn.me/web/styles/img/logo.png""}}}",bất ổn thị trường chứng khoán
'Thị trường chứng khoán quá bất thường' - VnExpress Kinh doanh,https://vnexpress.net/thi-truong-chung-khoan-qua-bat-thuong-4461964.html," { ""@context"":""http://schema.org"", ""@type"":""NewsArticle"", ""mainEntityOfPage"":{ ""@type"":""WebPage"", ""@id"":""https://vnexpress.net/thi-truong-chung-khoan-qua-bat-thuong-4461964.html"" }, ""headline"":""'Thị trường chứng khoán quá bất thường'"", ""description"":""Chủ tịch Quốc hội Vương Đình Huệ đánh giá chứng khoán có nhiều phiên giao dịch bất thường \""sáng nắng chiều mưa\"" trong khi thị trường trái phiếu phát triển quá \""nóng\""."", ""image"":{ ""@type"":""ImageObject"", ""url"":""https://i1-kinhdoanh.vnecdn.net/2022/05/11/ChutichQuochoiVuongDinhHue1-16-2049-2213-1652247800.jpg?w=900&h=540&q=100&dpr=1&fit=crop&s=F5v74R9rKh8yUOeRrDQbrg"", ""width"":900, ""height"":540 }, ""datePublished"":""2022-05-11T14:37:36+07:00"", ""dateModified"":""2022-05-11T18:13:37+07:00"", ""author"":{ ""@type"":""Person"", ""name"":""Anh Minh"" }, ""publisher"":{ ""@type"": ""Organization"", ""name"":""VnExpress"", ""logo"":{ ""@type"":""ImageObject"", ""url"":""https://s1.vnecdn.net/vnexpress/restruct/i/v804/logos/vnexpress_500x110.png"", ""width"":500, ""height"":112 } }, ""about"": [""Chứng khoán"",""Chủ tịch Quốc hội Vương Đình Huệ"",""Uỷ ban Thường vụ Quốc hội"",""Chính sách kinh tế"",""Tin"",""Tin nóng""] } ",bất ổn thị trường chứng khoán
"Uỷ ban Kinh tế: Nhiều hệ luỵ khi thị trường trái phiếu, chứng khoán bất ổn - VnExpress Kinh doanh",https://vnexpress.net/uy-ban-kinh-te-nhieu-he-luy-khi-thi-truong-trai-phieu-chung-khoan-bat-on-4525734.html," { ""@context"":""http://schema.org"", ""@type"":""NewsArticle"", ""mainEntityOfPage"":{ ""@type"":""WebPage"", ""@id"":""https://vnexpress.net/uy-ban-kinh-te-nhieu-he-luy-khi-thi-truong-trai-phieu-chung-khoan-bat-on-4525734.html"" }, ""headline"":""Uỷ ban Kinh tế: Nhiều hệ luỵ khi thị trường trái phiếu, chứng khoán bất ổn"", ""description"":""Uỷ ban Kinh tế đề nghị làm rõ trách nhiệm quản lý nhà nước với việc thị trường bất động sản, trái phiếu, chứng khoán vừa qua tăng trưởng nóng, tiềm ẩn rủi ro."", ""image"":{ ""@type"":""ImageObject"", ""url"":""https://i1-kinhdoanh.vnecdn.net/2022/10/20/-3807-1666239355.jpg?w=900&h=540&q=100&dpr=1&fit=crop&s=536dAsfBDGyz6HfNMG1nkg"", ""width"":900, ""height"":540 }, ""datePublished"":""2022-10-20T11:54:30+07:00"", ""dateModified"":""2022-10-20T15:16:39+07:00"", ""author"":{ ""@type"":""Person"", ""name"":""Anh Minh"" }, ""publisher"":{ ""@type"": ""Organization"", ""name"":""VnExpress"", ""logo"":{ ""@type"":""ImageObject"", ""url"":""https://s1.vnecdn.net/vnexpress/restruct/i/v804/logos/vnexpress_500x110.png"", ""width"":500, ""height"":112 } }, ""about"": [""Kỳ họp thứ 4 Quốc hội khóa XV"",""Trái phiếu"",""Bất động sản"",""Chứng khoán"",""Tin nóng"",""Chính sách kinh tế"",""Tin""] } ",bất ổn thị trường chứng khoán
"Chủ tịch Quốc hội: ‘Ngày nào tôi cũng xem chứng khoán, thị trường gần đây bất thường’ - Tuổi Trẻ Online",https://tuoitre.vn/chu-tich-quoc-hoi-ngay-nao-toi-cung-xem-chung-khoan-thi-truong-gan-day-bat-thuong-20220511123038685.htm,"window.dataLayer = window.dataLayer || [];dataLayer.push({  'articleId': '20220511123038685',  'articleTitle': 'Ch\u1ee7 t\u1ecbch Qu\u1ed1c h\u1ed9i: \u2018Ng\u00e0y n\u00e0o t\u00f4i c\u0169ng xem ch\u1ee9ng kho\u00e1n, th\u1ecb tr\u01b0\u1eddng g\u1ea7n \u0111\u00e2y b\u1ea5t th\u01b0\u1eddng\u2019',  'articleCategory': 'Th\u1eddi s\u1ef1',  'articleAlowAds': '1',  'articleSponsor': '0',  'articleType': 'Normal',  'articleTags': 'Ch\u1ee9ng kho\u00e1n;th\u1ecb tr\u01b0\u1eddng ch\u1ee9ng kho\u00e1n;b\u00e1o m\u1edbi;tin n\u00f3ng trong ng\u00e0y;V\u01b0\u01a1ng \u0110\u00ecnh Hu\u1ec7;L\u00ea Minh Kha\u0301i;Qu\u1ed1c h\u1ed9i',  'articlePublishDate': Date.parse(""2022-05-11T12:58:00+07:00""),  'articleThumbnail': 'https://cdn1.tuoitre.vn/zoom/600_315/2022/5/11/photo-1-16522461232371434082220-crop-1652247044719344551859.jpg',  'articleShortUrl': 'https://tuoitre.vn/news-20220511123038685.htm',  'articleFullUrl': 'https://tuoitre.vn/chu-tich-quoc-hoi-ngay-nao-toi-cung-xem-chung-khoan-thi-truong-gan-day-bat-thuong-20220511123038685.htm',  'articleLayout': '2',  'pageType': 'Detail',  'articleParentCategory': 'Th\u1eddi s\u1ef1'});",bất ổn thị trường chứng khoán
"
	CẦN ĐÁNH GIÁ CỤ THỂ, CHI TIẾT NHỮNG DIỄN BIẾN BẤT THƯỜNG CỦA THỊ TRƯỜNG CHỨNG KHOÁN, BẤT ĐỘNG SẢN
",https://quochoi.vn/hoatdongcuaquochoi/cackyhopquochoi/quochoikhoaXIII/Pages/danh-sach-ky-hop.aspx?ItemID=64436&CategoryId=0," _lcid=""1033"" _version=""15.0.5459"" _dal=""1"" ",bất ổn thị trường chứng khoán
Sáu giải pháp ổn định thị trường chứng khoán của Bộ Tài chính  - Nhịp sống kinh tế Việt Nam & Thế giới,https://vneconomy.vn/sau-giai-phap-on-dinh-thi-truong-chung-khoan-cua-bo-tai-chinh.htm,"{""@context"":""http://schema.org"",""@type"":""NewsArticle"",""mainEntityOfPage"":{""@type"":""WebPage"",""@id"":""https://vneconomy.vn/sau-giai-phap-on-dinh-thi-truong-chung-khoan-cua-bo-tai-chinh.htm""},""headline"":""S\u00E1u gi\u1EA3i ph\u00E1p \u1ED5n \u0111\u1ECBnh th\u1ECB tr\u01B0\u1EDDng ch\u1EE9ng kho\u00E1n c\u1EE7a B\u1ED9 T\u00E0i ch\u00EDnh "",""image"":[""https://media.vneconomy.vn/images/upload/2022/06/06/0049-20211005-140017.jpg""],""datePublished"":""6/7/2022 6:15:00 AM"",""dateModified"":""6/7/2022 6:17:27 AM"",""author"":{""@type"":""Person"",""Name"":""T\u00F9ng Th\u01B0 - ""},""publisher"":{""@type"":""Organization"",""Name"":""VnEconomy"",""logo"":{""@type"":""ImageObject"",""Url"":""https://media.vneconomy.vn/App_themes/images/logo.png""}},""description"":""B\u1ED9 T\u00E0i ch\u00EDnh nh\u00ECn nh\u1EADn tr\u00EAn th\u1ECB tr\u01B0\u1EDDng c\u1ED5 phi\u1EBFu, th\u1ECB tr\u01B0\u1EDDng ch\u1EE9ng kho\u00E1n ph\u00E1i sinh xu\u1EA5t hi\u1EC7n c\u00E1c hi\u1EC7n t\u01B0\u1EE3ng thao t\u00FAng gi\u00E1, l\u00E0m gi\u00E1 ng\u00E0y c\u00E0ng tinh vi...""}",bất ổn thị trường chứng khoán
Bộ Tài chính nói gì trước những bất ổn trên thị trường tài chính vừa qua? - Nhịp sống kinh tế Việt Nam & Thế giới,https://vneconomy.vn/bo-tai-chinh-noi-gi-truoc-nhung-bat-on-tren-thi-truong-tai-chinh-vua-qua.htm,"{""@context"":""http://schema.org"",""@type"":""NewsArticle"",""mainEntityOfPage"":{""@type"":""WebPage"",""@id"":""https://vneconomy.vn/bo-tai-chinh-noi-gi-truoc-nhung-bat-on-tren-thi-truong-tai-chinh-vua-qua.htm""},""headline"":""B\u1ED9 T\u00E0i ch\u00EDnh n\u00F3i g\u00EC tr\u01B0\u1EDBc nh\u1EEFng b\u1EA5t \u1ED5n tr\u00EAn th\u1ECB tr\u01B0\u1EDDng t\u00E0i ch\u00EDnh v\u1EEBa qua?"",""image"":[""https://media.vneconomy.vn/images/upload/2022/04/06/z3320736993402-deda0aac1085ee6368356153346f9740.jpg""],""datePublished"":""4/6/2022 7:14:38 PM"",""dateModified"":""4/6/2022 7:14:38 PM"",""author"":{""@type"":""Person"",""Name"":""\u00C1nh Tuy\u1EBFt - ""},""publisher"":{""@type"":""Organization"",""Name"":""VnEconomy"",""logo"":{""@type"":""ImageObject"",""Url"":""https://media.vneconomy.vn/App_themes/images/logo.png""}},""description"":""B\u1ED9 T\u00E0i ch\u00EDnh v\u1EEBa ph\u00E1t \u0111i th\u00F4ng tin kh\u1EB3ng \u0111\u1ECBnh quy\u1EBFt t\u00E2m thanh l\u1ECDc th\u1ECB tr\u01B0\u1EDDng t\u00E0i ch\u00EDnh tr\u01B0\u1EDBc nh\u1EEFng h\u00E0nh vi l\u0169ng \u0111o\u1EA1n, gian d\u1ED1i, l\u1EEBa \u0111\u1EA3o nh\u00E0 \u0111\u1EA7u t\u01B0 trong th\u1EDDi gian qua...""}",bất ổn thị trường chứng khoán
"
	Cần giải pháp để phát triển thị trường chứng khoán ổn định và minh bạch
",https://dangcongsan.vn/kinh-te/can-giai-phap-de-phat-trien-thi-truong-chung-khoan-on-dinh-va-minh-bach-639338.html,"
            Thứ ba, 06/06/2023 15:11",bất ổn thị trường chứng khoán
"Thị trường liên tục bất ổn, đầu tư thế nào là thông minh?",https://congthuong.vn/thi-truong-lien-tuc-bat-on-dau-tu-the-nao-la-thong-minh-231875.html,"
{
  ""@context"": ""https://schema.org"",
  ""@type"": ""NewsArticle"",
  ""mainEntityOfPage"": {
    ""@type"": ""WebPage"",
    ""@id"": ""https://congthuong.vn/thi-truong-lien-tuc-bat-on-dau-tu-the-nao-la-thong-minh-231875.html""
  },
  ""headline"": ""Thị trường liên tục bất ổn, đầu tư thế nào là thông minh?"",
  ""description"": ""Tình hình thị trường bất ổn thường đi kèm với việc dẫn tới lạm phát và đây cũng là một từ khóa vô cùng “nhạy cảm” đối với các nhà đầu tư."",
  ""image"": {
    ""@type"": ""ImageObject"",
    ""url"": ""https://congthuong-cdn.mastercms.vn/stores/news_dataimages/2022/122022/22/11/in_social/320221222112754.jpg?randTime=1695286159"",
    ""width"": 720,
    ""height"": 480
  },
  ""datePublished"": ""2022-12-22T12:01:41+07:00"",
  ""dateModified"": ""2022-12-22T12:01:41+07:00"",
  ""author"": {
    ""@type"": ""Person"",
    ""name"": ""PV Báo Công Thương""
  },
  ""publisher"": {
    ""@type"": ""Organization"",
    ""name"": ""https://congthuong.vn/"",
    ""logo"": {
      ""@type"": ""ImageObject"",
      ""url"": ""https://congthuong.vn/modules/frontend/themes/baocongthuong/images/logo-congthuong.vn.svg?v=2.620230918171854"",
      ""width"": 300
    }
  }
    ,
  ""reviewRating"": {
	""@type"": ""Rating"",
	""ratingValue"": ""5""
  }
  }
",bất ổn thị trường chứng khoán
Stock Show 9 - Bất ổn đã hết trên thị trường chứng khoán Việt Nam?,https://takeprofit.vn/stock-show-9-bat-on-da-het-tren-thi-truong-chung-khoan-viet-nam/1654066352856,01/06/2022,bất ổn thị trường chứng khoán
"Thế giới bất ổn, sắc đỏ bao trùm thị trường chứng khoán Việt",https://vietnamnet.vn/the-gioi-bat-on-sac-do-bao-trum-thi-truong-chung-khoan-viet-2054468.html,"
        window.dataLayer = window.dataLayer || [];
        dataLayer.push({
            'ArticleId': '2054468',
            'ArticleType': 'Bài thường',
            'ArticleCategory': 'Kinh doanh',
            'ArticleSubCategory': 'Tài chính',
            'ArticleAuthor': 'Mạnh Hà',
            'ArticlePublishDate': '2022-08-29T10:15:00.000 +07:00',
            'ArticleEvent': '',
            'ArticleLine': '',
            'ArticleFullUrl': '/kinh-doanh/tai-chinh/the-gioi-bat-on-sac-do-bao-trum-thi-truong-chung-khoan-viet-2054468.html',
            'ArticleFullText': ''
        });
    ",bất ổn thị trường chứng khoán
BÃ¡o cÃ¡o thÃ¡ng 03/2023 - VN-Index tÄng trong bá»i cáº£nh báº¥t á»n cá»§a thá» trÆ°á»ng tÃ i chÃ­nh toÃ n cáº§u - Vietcap,https://www.vietcap.com.vn/trung-tam-phan-tich/bao-cao-thang-03-2023-vn-index-tang-trong-boi-canh-bat-on-cua-thi-truong-tai-chinh-toan-cau,Â©2023 CÃ´ng ty Cá» pháº§n Chá»©ng khoÃ¡n Vietcap. Giáº¥y phÃ©p sá» 15/GP-TTDT Bá» thÃ´ng tin vÃ  truyá»n thÃ´ng cáº¥p ngÃ y 29/07/2008,bất ổn thị trường chứng khoán
